{
  "bucket": "medium",
  "comparison": {
    "approx_cpsat": 1.0,
    "approx_sa": 1.0,
    "energy_gap_vs_cpsat": 0.0,
    "energy_gap_vs_sa": 0.0,
    "makespan_gap_vs_cpsat": -691626,
    "makespan_gap_vs_sa": -86,
    "overlap_pct": 40.0
  },
  "cpsat": {
    "energy": -338.4132812499997,
    "feasible": false,
    "makespan": 14059015,
    "obj": 1350.6859375000001,
    "runtime": 0.0013731990475207567
  },
  "jobs": 10,
  "label": "medium_8",
  "matrix_size": "20x20",
  "nodes": 2,
  "qaoa": {
    "energy": -338.4132812499997,
    "feasible": false,
    "makespan": 13367389,
    "obj": 1350.6859375000001,
    "runtime": 0.3015939509496093
  },
  "qubits": 20,
  "qubo_build_time": 9.417906403541565e-05,
  "sa": {
    "energy": -338.4132812499997,
    "feasible": false,
    "makespan": 13367475,
    "obj": 1350.6859375000001,
    "runtime": 0.09172606910578907
  },
  "variables": 20
}