{
  "bucket": "medium",
  "comparison": {
    "approx_cpsat": 0.8962442392714272,
    "approx_sa": 0.8962442392714272,
    "energy_gap_vs_cpsat": 236.5121212121212,
    "energy_gap_vs_sa": 236.5121212121212,
    "makespan_gap_vs_cpsat": -217108,
    "makespan_gap_vs_sa": -27399,
    "overlap_pct": 41.66666666666667
  },
  "cpsat": {
    "energy": -2279.508333333333,
    "feasible": false,
    "makespan": 5406043,
    "obj": 388.12878787878793,
    "runtime": 0.001361996866762638
  },
  "jobs": 12,
  "label": "medium_13",
  "matrix_size": "24x24",
  "nodes": 2,
  "qaoa": {
    "energy": -2042.996212121212,
    "feasible": false,
    "makespan": 5188935,
    "obj": 285.11136363636365,
    "runtime": 0.5449051379691809
  },
  "qubits": 24,
  "qubo_build_time": 0.00010781409218907356,
  "sa": {
    "energy": -2279.508333333333,
    "feasible": false,
    "makespan": 5216334,
    "obj": 388.12878787878793,
    "runtime": 0.12331483094021678
  },
  "variables": 24
}