{
  "bucket": "medium",
  "comparison": {
    "approx_cpsat": 1.0,
    "approx_sa": 1.0,
    "energy_gap_vs_cpsat": 0.0,
    "energy_gap_vs_sa": 0.0,
    "makespan_gap_vs_cpsat": -74629,
    "makespan_gap_vs_sa": 70606,
    "overlap_pct": 40.0
  },
  "cpsat": {
    "energy": -1015.1707031250002,
    "feasible": false,
    "makespan": 10389646,
    "obj": 253.16953125000003,
    "runtime": 0.0012463279999792576
  },
  "jobs": 10,
  "label": "medium_11",
  "matrix_size": "20x20",
  "nodes": 2,
  "qaoa": {
    "energy": -1015.1707031250002,
    "feasible": false,
    "makespan": 10315017,
    "obj": 253.16953125000003,
    "runtime": 0.3350013280287385
  },
  "qubits": 20,
  "qubo_build_time": 9.064213372766972e-05,
  "sa": {
    "energy": -1015.1707031250002,
    "feasible": false,
    "makespan": 10244411,
    "obj": 253.16953125000003,
    "runtime": 0.08974107797257602
  },
  "variables": 20
}