{
  "bucket": "large",
  "comparison": {
    "approx_cpsat": 1.0,
    "approx_sa": 1.0,
    "energy_gap_vs_cpsat": 0.0,
    "energy_gap_vs_sa": 0.0,
    "makespan_gap_vs_cpsat": -25600,
    "makespan_gap_vs_sa": 106781,
    "overlap_pct": 40.0
  },
  "cpsat": {
    "energy": -2021.573863636363,
    "feasible": false,
    "makespan": 3729099,
    "obj": 369.9159090909091,
    "runtime": 0.0017959438264369965
  },
  "jobs": 10,
  "label": "large_10",
  "matrix_size": "30x30",
  "nodes": 3,
  "qaoa": {
    "energy": -2021.573863636363,
    "feasible": false,
    "makespan": 3703499,
    "obj": 369.9159090909091,
    "runtime": 25.063372319098562
  },
  "qubits": 30,
  "qubo_build_time": 0.00013730092905461788,
  "sa": {
    "energy": -2021.573863636363,
    "feasible": false,
    "makespan": 3596718,
    "obj": 369.9159090909091,
    "runtime": 0.12364301108755171
  },
  "variables": 30
}