{
  "bucket": "large",
  "comparison": {
    "approx_cpsat": 0.9541738876069663,
    "approx_sa": 0.9541738876069663,
    "energy_gap_vs_cpsat": 98.20909090909117,
    "energy_gap_vs_sa": 98.20909090909117,
    "makespan_gap_vs_cpsat": -261449,
    "makespan_gap_vs_sa": -260409,
    "overlap_pct": 40.0
  },
  "cpsat": {
    "energy": -2143.081439393939,
    "feasible": false,
    "makespan": 12840018,
    "obj": 321.2765151515151,
    "runtime": 0.0014219321310520172
  },
  "jobs": 10,
  "label": "large_14",
  "matrix_size": "30x30",
  "nodes": 3,
  "qaoa": {
    "energy": -2044.8723484848479,
    "feasible": false,
    "makespan": 12578569,
    "obj": 124.85833333333333,
    "runtime": 25.051228151889518
  },
  "qubits": 30,
  "qubo_build_time": 0.00012831296771764755,
  "sa": {
    "energy": -2143.081439393939,
    "feasible": false,
    "makespan": 12838978,
    "obj": 321.2765151515151,
    "runtime": 0.12278699409216642
  },
  "variables": 30
}