{
  "bucket": "small",
  "label": "small_13",
  "qubits": 16,
  "p": 2,
  "feasible": false,
  "energy": -1093.9738636363636,
  "energy_gap": 37.29886363636342,
  "makespan": 9598026,
  "overlap": 50.0,
  "iterations": 100,
  "runtime": 0.21087228297255933,
  "cpsat_makespan": 9678863,
  "cpsat_feasible": false
}