{
  "bucket": "small",
  "label": "small_11",
  "qubits": 16,
  "p": 3,
  "feasible": false,
  "energy": -400.8593750000001,
  "energy_gap": 0.0,
  "makespan": 10199621,
  "overlap": 50.0,
  "iterations": 100,
  "runtime": 0.2861533290706575,
  "cpsat_makespan": 10249706,
  "cpsat_feasible": false
}