{
  "bucket": "medium",
  "label": "medium_12",
  "qubits": 24,
  "p": 2,
  "feasible": false,
  "energy": -4750.044696969699,
  "energy_gap": 0.0,
  "makespan": 14632118,
  "overlap": 50.0,
  "iterations": 100,
  "runtime": 0.45219088695012033,
  "cpsat_makespan": 14653776,
  "cpsat_feasible": false
}