{
  "bucket": "small",
  "label": "small_14",
  "qubits": 16,
  "p": 2,
  "feasible": false,
  "energy": -1969.7386363636365,
  "energy_gap": 73.26742424242411,
  "makespan": 14381764,
  "overlap": 25.0,
  "iterations": 100,
  "runtime": 0.21446308004669845,
  "cpsat_makespan": 14618220,
  "cpsat_feasible": false
}