{
  "bucket": "small",
  "label": "small_11",
  "qubits": 16,
  "p": 2,
  "feasible": false,
  "energy": -400.8593750000001,
  "energy_gap": 0.0,
  "makespan": 10198897,
  "overlap": 62.5,
  "iterations": 100,
  "runtime": 0.2161221408750862,
  "cpsat_makespan": 10249706,
  "cpsat_feasible": false
}