{
  "bucket": "small",
  "label": "small_2",
  "qubits": 16,
  "p": 2,
  "feasible": false,
  "energy": -1155.1075757575757,
  "energy_gap": 471.2984848484848,
  "makespan": 6655913,
  "overlap": 37.5,
  "iterations": 100,
  "runtime": 0.21360562299378216,
  "cpsat_makespan": 7092639,
  "cpsat_feasible": false
}