{
  "bucket": "small",
  "label": "small_7",
  "qubits": 16,
  "p": 1,
  "feasible": false,
  "energy": -826.7125000000001,
  "energy_gap": 91.82840909090919,
  "makespan": 345032,
  "overlap": 62.5,
  "iterations": 100,
  "runtime": 0.17728684889152646,
  "cpsat_makespan": 390955,
  "cpsat_feasible": false
}