{
  "bucket": "medium",
  "label": "medium_4",
  "qubits": 20,
  "p": 1,
  "feasible": false,
  "energy": -2289.80546875,
  "energy_gap": 202.46601562500018,
  "makespan": 6030016,
  "overlap": 30.0,
  "iterations": 100,
  "runtime": 0.23938498296774924,
  "cpsat_makespan": 6031789,
  "cpsat_feasible": false
}