{
  "bucket": "small",
  "label": "small_5",
  "qubits": 16,
  "p": 2,
  "feasible": false,
  "energy": -2913.317045454546,
  "energy_gap": 98.217803030303,
  "makespan": 14378361,
  "overlap": 62.5,
  "iterations": 100,
  "runtime": 0.21175723196938634,
  "cpsat_makespan": 14636516,
  "cpsat_feasible": false
}