{
  "bucket": "small",
  "label": "small_3",
  "qubits": 16,
  "p": 1,
  "feasible": false,
  "energy": -434.4780303030303,
  "energy_gap": 14.259848484848476,
  "makespan": 9889011,
  "overlap": 25.0,
  "iterations": 100,
  "runtime": 0.21230684709735215,
  "cpsat_makespan": 9926668,
  "cpsat_feasible": false
}