{
  "bucket": "medium",
  "label": "medium_1",
  "qubits": 20,
  "p": 2,
  "feasible": false,
  "energy": -574.9636363636364,
  "energy_gap": 44.0151515151515,
  "makespan": 14589930,
  "overlap": 40.0,
  "iterations": 100,
  "runtime": 0.2761442840564996,
  "cpsat_makespan": 14589930,
  "cpsat_feasible": false
}