{
  "bucket": "small",
  "label": "small_11",
  "qubits": 16,
  "p": 1,
  "feasible": false,
  "energy": -349.5542968750001,
  "energy_gap": 51.30507812500002,
  "makespan": 10198897,
  "overlap": 62.5,
  "iterations": 100,
  "runtime": 0.20407814090140164,
  "cpsat_makespan": 10249706,
  "cpsat_feasible": false
}