{
  "bucket": "small",
  "label": "small_7",
  "qubits": 16,
  "p": 2,
  "feasible": false,
  "energy": -832.5829545454546,
  "energy_gap": 85.95795454545464,
  "makespan": 378788,
  "overlap": 50.0,
  "iterations": 100,
  "runtime": 0.23837487515993416,
  "cpsat_makespan": 390955,
  "cpsat_feasible": false
}