{
  "bucket": "medium",
  "label": "medium_14",
  "qubits": 20,
  "p": 1,
  "feasible": false,
  "energy": -186.44848484848484,
  "energy_gap": 4.951893939393926,
  "makespan": 2599484,
  "overlap": 50.0,
  "iterations": 82,
  "runtime": 0.2034093509428203,
  "cpsat_makespan": 2613804,
  "cpsat_feasible": false
}