{
  "bucket": "small",
  "label": "small_14",
  "qubits": 16,
  "p": 1,
  "feasible": false,
  "energy": -1700.2810606060605,
  "energy_gap": 342.72500000000014,
  "makespan": 14490339,
  "overlap": 75.0,
  "iterations": 100,
  "runtime": 0.17774587008170784,
  "cpsat_makespan": 14618220,
  "cpsat_feasible": false
}