{
  "label": "small_6_cropped",
  "qubits": 10,
  "noise_level": "high-noise",
  "error_rate": 0.05,
  "feasible": true,
  "energy": 36.29215621948239,
  "energy_gap": 205.5335624694824,
  "makespan": 8338243,
  "overlap": 20.0
}