{
  "label": "medium_7_cropped",
  "qubits": 10,
  "noise_level": "low-noise",
  "error_rate": 0.001,
  "feasible": false,
  "energy": -137.65068877249053,
  "energy_gap": 121.10196274266099,
  "makespan": 9887357,
  "overlap": 40.0
}