{
  "label": "small_12_cropped",
  "qubits": 10,
  "noise_level": "noise-free",
  "error_rate": 0.0,
  "feasible": false,
  "energy": -34.87947887073864,
  "energy_gap": 35.399309008049244,
  "makespan": 12226041,
  "overlap": 20.0
}