{
  "label": "small_10_cropped",
  "qubits": 10,
  "noise_level": "low-noise",
  "error_rate": 0.001,
  "feasible": true,
  "energy": -946.651776308002,
  "energy_gap": 823.8760646010891,
  "makespan": 4200380,
  "overlap": 80.0
}