{
  "label": "medium_13_cropped",
  "qubits": 10,
  "noise_level": "low-noise",
  "error_rate": 0.001,
  "feasible": false,
  "energy": -164.6931788589015,
  "energy_gap": 467.0153438683712,
  "makespan": 5011607,
  "overlap": 0.0
}