{
  "label": "small_6_cropped",
  "qubits": 10,
  "noise_level": "low-noise",
  "error_rate": 0.001,
  "feasible": true,
  "energy": 2.5883720397948764,
  "energy_gap": 171.8297782897949,
  "makespan": 8165420,
  "overlap": 40.0
}