{
  "label": "medium_9_cropped",
  "qubits": 10,
  "noise_level": "low-noise",
  "error_rate": 0.001,
  "feasible": false,
  "energy": -763.6752293442236,
  "energy_gap": 655.0806418678977,
  "makespan": 4966347,
  "overlap": 20.0
}