{
  "label": "small_3_cropped",
  "qubits": 10,
  "noise_level": "noise-free",
  "error_rate": 0.0,
  "feasible": false,
  "energy": -138.60275952888256,
  "energy_gap": 120.14989198626895,
  "makespan": 9887286,
  "overlap": 20.0
}