{
  "label": "small_5_cropped",
  "qubits": 10,
  "noise_level": "low-noise",
  "error_rate": 0.001,
  "feasible": false,
  "energy": -774.5723825165721,
  "energy_gap": 917.5766705137312,
  "makespan": 14549775,
  "overlap": 60.0
}