{
  "label": "medium_12_cropped",
  "qubits": 10,
  "noise_level": "high-noise",
  "error_rate": 0.05,
  "feasible": true,
  "energy": -730.3649621212121,
  "energy_gap": 1057.253787878788,
  "makespan": 14552624,
  "overlap": 60.0
}