{
  "label": "small_6_cropped",
  "qubits": 10,
  "noise_level": "med-noise",
  "error_rate": 0.01,
  "feasible": true,
  "energy": 2.59123535156246,
  "energy_gap": 171.83264160156247,
  "makespan": 8165396,
  "overlap": 40.0
}