{
  "label": "medium_12_cropped",
  "qubits": 10,
  "noise_level": "noise-free",
  "error_rate": 0.0,
  "feasible": true,
  "energy": -771.0828949899385,
  "energy_gap": 1016.5358550100616,
  "makespan": 14557062,
  "overlap": 60.0
}