{
  "label": "medium_8_cropped",
  "qubits": 10,
  "noise_level": "low-noise",
  "error_rate": 0.001,
  "feasible": false,
  "energy": -19.75351562499995,
  "energy_gap": 149.48906249999996,
  "makespan": 13021644,
  "overlap": 20.0
}