{
  "label": "medium_4_cropped",
  "qubits": 10,
  "noise_level": "noise-free",
  "error_rate": 0.0,
  "feasible": false,
  "energy": -138.63972053527834,
  "energy_gap": 100.85539665222166,
  "makespan": 5855751,
  "overlap": 60.0
}