{
  "label": "medium_1_cropped",
  "qubits": 10,
  "noise_level": "high-noise",
  "error_rate": 0.05,
  "feasible": true,
  "energy": -20.554302793560606,
  "energy_gap": 42.96387902462121,
  "makespan": 14527101,
  "overlap": 80.0
}