{
  "label": "medium_6_cropped",
  "qubits": 10,
  "noise_level": "low-noise",
  "error_rate": 0.001,
  "feasible": false,
  "energy": -30.918235085227273,
  "energy_gap": 37.31055279356061,
  "makespan": 12744543,
  "overlap": 60.0
}