{
  "label": "small_11_cropped",
  "qubits": 10,
  "noise_level": "low-noise",
  "error_rate": 0.001,
  "feasible": true,
  "energy": -115.36021041870119,
  "energy_gap": 134.4114692687989,
  "makespan": 10137787,
  "overlap": 80.0
}