{
  "label": "small_13_cropped",
  "qubits": 10,
  "noise_level": "low-noise",
  "error_rate": 0.001,
  "feasible": false,
  "energy": -354.421024946733,
  "energy_gap": 313.98067959872157,
  "makespan": 9651219,
  "overlap": 80.0
}