{
  "label": "small_12_cropped",
  "qubits": 10,
  "noise_level": "high-noise",
  "error_rate": 0.05,
  "feasible": false,
  "energy": -31.157371567234847,
  "energy_gap": 39.121416311553034,
  "makespan": 12226041,
  "overlap": 60.0
}