{
  "label": "medium_5_cropped",
  "qubits": 10,
  "noise_level": "low-noise",
  "error_rate": 0.001,
  "feasible": false,
  "energy": -286.3171553178267,
  "energy_gap": 412.3277310458097,
  "makespan": 1384227,
  "overlap": 40.0
}