{
  "label": "small_3_cropped",
  "qubits": 10,
  "noise_level": "low-noise",
  "error_rate": 0.001,
  "feasible": false,
  "energy": -136.91063269412876,
  "energy_gap": 121.84201882102275,
  "makespan": 9924932,
  "overlap": 80.0
}