{
  "label": "large_3",
  "qubits": 30,
  "p": 1,
  "shots": 4096,
  "feasible": true,
  "energy": -364.10416666666663,
  "energy_gap": 0.0,
  "makespan": 14589930,
  "runtime": 46.96639255108312
}