{
  "label": "medium_4",
  "qubits": 20,
  "p": 1,
  "shots": 1024,
  "feasible": false,
  "energy": -2334.20390625,
  "energy_gap": 158.06757812500018,
  "makespan": 5916900,
  "runtime": 1.2018599431030452
}