{
  "label": "large_4",
  "qubits": 30,
  "p": 1,
  "shots": 4096,
  "feasible": false,
  "energy": -2306.0458333333336,
  "energy_gap": 98.1984848484849,
  "makespan": 7538901,
  "runtime": 47.04221086204052
}