{
  "label": "medium_9",
  "qubits": 24,
  "p": 1,
  "shots": 1024,
  "feasible": false,
  "energy": -4070.603787878788,
  "energy_gap": 0.0,
  "makespan": 5252981,
  "runtime": 1.7796926088631153
}