{
  "label": "medium_10",
  "qubits": 24,
  "p": 1,
  "shots": 1024,
  "feasible": false,
  "energy": -164.53257575757578,
  "energy_gap": 9.009848484848504,
  "makespan": 64504,
  "runtime": 1.4603981929831207
}