{
  "label": "small_1",
  "qubits": 16,
  "p": 1,
  "shots": 4096,
  "feasible": true,
  "energy": -1805.2666666666669,
  "energy_gap": 0.0,
  "makespan": 13581890,
  "runtime": 2.7379056620411575
}