{
  "label": "large_1",
  "qubits": 30,
  "p": 1,
  "shots": 4096,
  "feasible": true,
  "energy": -234.89062499999997,
  "energy_gap": 0.0,
  "makespan": 63860,
  "runtime": 46.999910856131464
}