{
  "label": "large_13",
  "qubits": 30,
  "p": 1,
  "shots": 1024,
  "feasible": true,
  "energy": -304.0839843750001,
  "energy_gap": 0.0,
  "makespan": 5274198,
  "runtime": 41.77647635084577
}