{
  "label": "small_0",
  "qubits": 16,
  "p": 1,
  "shots": 1024,
  "feasible": false,
  "energy": -119.74393939393943,
  "energy_gap": 0.0,
  "makespan": 63322,
  "runtime": 0.834131876938045
}