{
  "label": "medium_0_cropped",
  "qubits": 8,
  "p": 2,
  "shots": 0,
  "feasible": false,
  "energy": -57.630303030303025,
  "energy_gap": 0.0,
  "makespan": 2641066,
  "runtime": 0.03579117199842585
}