{
  "label": "large_2",
  "qubits": 32,
  "p": 1,
  "shots": 0,
  "feasible": false,
  "energy": -2634.8492187499996,
  "energy_gap": 568.6242187500002,
  "makespan": 5131800,
  "runtime": 79.47869194694795
}