{
  "label": "small_3",
  "qubits": 16,
  "p": 1,
  "shots": 4096,
  "feasible": false,
  "energy": -448.7378787878788,
  "energy_gap": 0.0,
  "makespan": 9925756,
  "runtime": 2.973525530193001
}