{
  "label": "large_5",
  "qubits": 32,
  "p": 1,
  "shots": 4096,
  "feasible": false,
  "energy": -6568.090909090912,
  "energy_gap": 0.0,
  "makespan": 2894512,
  "runtime": 133.10710849799216
}