{
  "label": "large_5",
  "qubits": 32,
  "p": 1,
  "shots": 0,
  "feasible": false,
  "energy": -6568.090909090912,
  "energy_gap": 0.0,
  "makespan": 2889583,
  "runtime": 79.47533551813103
}