{
  "label": "large_13",
  "qubits": 30,
  "p": 1,
  "shots": 4096,
  "feasible": true,
  "energy": -304.0839843750001,
  "energy_gap": 0.0,
  "makespan": 5198025,
  "runtime": 47.001011678949
}