{
  "label": "small_8",
  "qubits": 16,
  "p": 1,
  "shots": 1024,
  "feasible": false,
  "energy": -1433.4640151515152,
  "energy_gap": 51.06325757575746,
  "makespan": 11005260,
  "runtime": 0.8092334738466889
}