{
  "label": "large_5",
  "qubits": 32,
  "p": 1,
  "shots": 1024,
  "feasible": false,
  "energy": -5888.561363636365,
  "energy_gap": 679.5295454545467,
  "makespan": 2641480,
  "runtime": 129.018511188915
}