{
  "label": "medium_9",
  "qubits": 24,
  "p": 1,
  "shots": 4096,
  "feasible": false,
  "energy": -4070.603787878788,
  "energy_gap": 0.0,
  "makespan": 5250538,
  "runtime": 4.854195161955431
}