{
  "label": "large_9",
  "qubits": 32,
  "p": 1,
  "shots": 0,
  "feasible": false,
  "energy": -2792.6636718749996,
  "energy_gap": 435.68789062500036,
  "makespan": 9237206,
  "runtime": 79.46312751690857
}