{
  "label": "large_3",
  "qubits": 30,
  "p": 1,
  "shots": 1024,
  "feasible": true,
  "energy": -364.10416666666663,
  "energy_gap": 0.0,
  "makespan": 14587851,
  "runtime": 41.80493162712082
}