{
  "label": "large_10",
  "qubits": 30,
  "p": 1,
  "shots": 4096,
  "feasible": false,
  "energy": -2021.573863636363,
  "energy_gap": 0.0,
  "makespan": 3596241,
  "runtime": 47.037391166901216
}