{
  "label": "medium_1",
  "qubits": 20,
  "p": 1,
  "shots": 0,
  "feasible": false,
  "energy": -603.3742424242424,
  "energy_gap": 15.604545454545473,
  "makespan": 14550209,
  "runtime": 0.23275056295096874
}