{
  "label": "small_4",
  "qubits": 16,
  "p": 1,
  "shots": 4096,
  "feasible": true,
  "energy": -510.1984848484849,
  "energy_gap": 0.0,
  "makespan": 2169084,
  "runtime": 2.9398845341056585
}