{
  "label": "small_13",
  "qubits": 16,
  "p": 1,
  "shots": 4096,
  "feasible": false,
  "energy": -1033.3435606060605,
  "energy_gap": 97.92916666666656,
  "makespan": 9645692,
  "runtime": 2.943344287807122
}