{
  "label": "medium_7",
  "qubits": 24,
  "p": 1,
  "shots": 1024,
  "feasible": false,
  "energy": -700.9454545454547,
  "energy_gap": 0.0,
  "makespan": 9928845,
  "runtime": 1.7630541550461203
}