category,jobs,feasible,makespan,runtime_seconds,assignment_overlap,cp_sat_runtime_seconds
cpu-only_20,10,False,208227,12.93574726199995,33.333333333333336,0.06415342600007534
cpu-only_20,20,False,180346,51.76739697000016,53.333333333333336,0.198156673000085
