category,jobs,feasible,makespan,runtime_seconds,assignment_overlap,cp_sat_runtime_seconds
mixed_30,10,False,207421,12.941166323999823,33.333333333333336,0.04847335399995245
mixed_30,20,False,371142,51.76404409099996,56.25,0.17691511100019852
mixed_30,30,False,371826,114.91615779799986,53.84615384615385,0.047729195000101754
